Source.Name,Area,rooms,type,City_District,Date
new building.csv,44,1,new,"Tashkent, Yunusabad district",2/24/2023
new building.csv,14,1,new,"Tashkent, Yashnabad district",3/25/2023
new building.csv,42.61,1,new,"Tashkent, Yunusabad district",3/15/2023
new building.csv,38,1,new,"Tashkent, Mirzo-Ulugbek district",3/24/2023
new building.csv,40,1,new,"Tashkent, Chilanzar district",7/24/2023
new building.csv,33,1,new,"Tashkent, Chilanzar district",6/25/2023
new building.csv,42,1,new,"Tashkent, Yashnabad district",6/25/2023
new building.csv,33,1,new,"Tashkent, Uchtepinsky district",6/25/2023
new building.csv,12,1,new,"Tashkent, Yashnabad district",6/13/2023
new building.csv,33,1,new,"Tashkent, Chilanzar district",6/23/2023
new building.csv,46,1,new,"Tashkent, Yunusabad district",6/25/2023
new building.csv,37,1,new,"Tashkent, Chilanzar district",2/17/2023
new building.csv,33,1,new,"Tashkent, Almazar district",2/25/2023
new building.csv,30,1,new,"Tashkent, Chilanzar district",6/24/2023
new building.csv,34,1,new,"Tashkent, Chilanzar district",6/25/2023
new building.csv,21,1,new,"Tashkent, Yashnabad district",2/25/2023
new building.csv,43,1,new,"Tashkent, Yunusabad district",6/20/2023
new building.csv,19,1,new,"Tashkent, Yakkasarai district",6/25/2023
new building.csv,38,1,new,"Tashkent, Chilanzar district",6/25/2023
new building.csv,16,1,new,"Tashkent, Yashnabad district",6/19/2023
new building.csv,30,1,new,"Tashkent, Mirabad district",6/19/2023
new building.csv,18,1,new,"Tashkent, Yashnabad district",6/25/2023
new building.csv,27,1,new,"Tashkent, Mirabad district",6/25/2023
new building.csv,33,1,new,"Tashkent, Yashnabad district",6/25/2023
new building.csv,38,1,new,"Tashkent, Yunusabad district",6/24/2023
new building.csv,13,1,new,"Tashkent, Yashnabad district",6/20/2023
new building.csv,25,1,new,"Tashkent, Mirzo-Ulugbek district",6/25/2023
new building.csv,36.5,1,new,"Tashkent, Chilanzar district",6/25/2023
new building.csv,27,1,new,"Tashkent, Yunusabad district",7/24/2023
new building.csv,45,1,new,"Tashkent, Almazar district",7/24/2023
new building.csv,33,1,new,"Tashkent, Chilanzar district",7/25/2023
new building.csv,44,1,new,"Tashkent, Almazar district",7/11/2023
new building.csv,32,1,new,"Tashkent, Sergeli district",7/25/2023
new building.csv,18,1,new,"Tashkent, Chilanzar district",7/25/2023
new building.csv,42,1,new,"Tashkent, Chilanzar district",7/25/2023
new building.csv,18,1,new,"Tashkent, Chilanzar district",7/25/2023
new building.csv,26,1,new,"Tashkent, Chilanzar district",7/25/2023
new building.csv,44,1,new,"Tashkent, Mirzo-Ulugbek district",7/25/2023
new building.csv,38,1,new,"Tashkent, Mirzo-Ulugbek district",7/25/2023
new building.csv,18,1,new,"Tashkent, Mirzo-Ulugbek district",7/25/2023
new building.csv,28,1,new,"Tashkent, Chilanzar district",7/25/2023
new building.csv,43,1,new,"Tashkent, Chilanzar district",7/25/2023
new building.csv,45,1,new,"Tashkent, Yunusabad district",7/25/2023
new building.csv,45,1,new,"Tashkent, Chilanzar district",7/25/2023
new building.csv,42,1,new,"Tashkent, Yakkasarai district",7/25/2023
new building.csv,50,1,new,"Tashkent, Yashnabad district",7/25/2023
new building.csv,42,1,new,"Tashkent, Mirzo-Ulugbek district",7/25/2023
new building.csv,30,1,new,"Tashkent, Chilanzar district",7/25/2023
new building.csv,45,2,new,"Tashkent, Yashnabad district",7/25/2023
new building.csv,50,2,new,"Tashkent, Chilanzar district",7/25/2023
new building.csv,28,2,new,"Tashkent, Chilanzar district",7/25/2023
new building.csv,35,2,new,"Tashkent, Chilanzar district",7/25/2023
new building.csv,42,2,new,"Tashkent, Yunusabad district",6/25/2023
new building.csv,45,2,new,"Tashkent, Chilanzar district",6/25/2023
new building.csv,35,2,new,"Tashkent, Chilanzar district",6/25/2023
new building.csv,35,2,new,"Tashkent, Yashnabad district",6/25/2023
new building.csv,36,2,new,"Tashkent, Chilanzar district",6/25/2023
new building.csv,43,2,new,"Tashkent, Mirzo-Ulugbek district",6/25/2023
new building.csv,33,2,new,"Tashkent, Chilanzar district",6/25/2023
new building.csv,30,2,new,"Tashkent, Chilanzar district",6/25/2023
new building.csv,36,2,new,"Tashkent, Uchtepinsky district",4/25/2023
new building.csv,37,2,new,"Tashkent, Mirzo-Ulugbek district",4/25/2023
new building.csv,39,2,new,"Tashkent, Chilanzar district",4/25/2023
new building.csv,38,2,new,"Tashkent, Yakkasarai district",4/25/2023
new building.csv,44,2,new,"Tashkent, Yashnabad district",4/25/2023
new building.csv,35,2,new,"Tashkent, Chilanzar district",4/25/2023
new building.csv,34,2,new,"Tashkent, Chilanzar district",4/25/2023
new building.csv,26,2,new,"Tashkent, Chilanzar district",4/25/2023
new building.csv,31,2,new,"Tashkent, Chilanzar district",4/25/2023
new building.csv,28,2,new,"Tashkent, Chilanzar district",4/25/2023
new building.csv,28,2,new,"Tashkent, Chilanzar district",4/25/2023
new building.csv,33,2,new,"Tashkent, Chilanzar district",4/25/2023
new building.csv,30,2,new,"Tashkent, Chilanzar district",4/25/2023
new building.csv,35,2,new,"Tashkent, Mirabad district",4/25/2023
new building.csv,40,2,new,"Tashkent, Chilanzar district",4/25/2023
new building.csv,28,2,new,"Tashkent, Chilanzar district",4/25/2023
new building.csv,36,2,new,"Tashkent, Chilanzar district",4/25/2023
new building.csv,35,2,new,"Tashkent, Chilanzar district",4/25/2023
new building.csv,35,2,new,"Tashkent, Mirabad district",4/25/2023
new building.csv,28,3,new,"Tashkent, Chilanzar district",4/25/2023
new building.csv,28,3,new,"Tashkent, Chilanzar district",4/25/2023
new building.csv,30,3,new,"Tashkent, Chilanzar district",4/25/2023
new building.csv,38,3,new,"Tashkent, Yunusabad district",4/25/2023
new building.csv,45,3,new,"Tashkent, Yashnabad district",4/25/2023
new building.csv,30,3,new,"Tashkent, Chilanzar district",4/25/2023
new building.csv,30,3,new,"Tashkent, Chilanzar district",4/25/2023
new building.csv,18,3,new,"Tashkent, Yashnabad district",4/25/2023
new building.csv,32,3,new,"Tashkent, Chilanzar district",4/25/2023
new building.csv,38,3,new,"Tashkent, Yunusabad district",4/25/2023
new building.csv,30,3,new,"Tashkent, Chilanzar district",4/25/2023
new building.csv,30,3,new,"Tashkent, Chilanzar district",4/25/2023
new building.csv,34,3,new,"Tashkent, Chilanzar district",4/25/2023
new building.csv,18,3,new,"Tashkent, Mirabad district",4/25/2023
new building.csv,42,3,new,"Tashkent, Chilanzar district",4/25/2023
new building.csv,28,3,new,"Tashkent, Chilanzar district",5/25/2023
new building.csv,28,3,new,"Tashkent, Chilanzar district",5/25/2023
new building.csv,34,3,new,"Tashkent, Chilanzar district",5/25/2023
new building.csv,30,3,new,"Tashkent, Chilanzar district",5/25/2023
new building.csv,28,3,new,"Tashkent, Chilanzar district",5/25/2023
new building.csv,30,4,new,"Tashkent, Chilanzar district",5/25/2023
new building.csv,34,4,new,"Tashkent, Chilanzar district",5/25/2023
new building.csv,31,4,new,"Tashkent, Chilanzar district",5/25/2023
new building.csv,34,4,new,"Tashkent, Yunusabad district",5/25/2023
new building.csv,32,4,new,"Tashkent, Chilanzar district",5/25/2023
new building.csv,33,4,new,"Tashkent, Chilanzar district",5/25/2023
new building.csv,12,4,new,"Tashkent, Chilanzar district",5/25/2023
new building.csv,33,4,new,"Tashkent, Yakkasarai district",5/25/2023
new building.csv,34,4,new,"Tashkent, Chilanzar district",5/25/2023
new building.csv,28,4,new,"Tashkent, Chilanzar district",5/25/2023
new building.csv,34,4,new,"Tashkent, Yakkasarai district",5/25/2023
new building.csv,30,4,new,"Tashkent, Chilanzar district",5/25/2023
new building.csv,38,4,new,"Tashkent, Chilanzar district",5/25/2023
new building.csv,42,4,new,"Tashkent, Uchtepinsky district",5/25/2023
new building.csv,48,4,new,"Tashkent, Yashnabad district",5/25/2023
new building.csv,38,4,new,"Tashkent, Mirzo-Ulugbek district",5/25/2023
new building.csv,30,4,new,"Tashkent, Yashnabad district",5/25/2023
new building.csv,19,4,new,"Tashkent, Yakkasarai district",5/25/2023
new building.csv,58,4,new,"Tashkent, Almazar district",5/25/2023
new building.csv,40,4,new,"Tashkent, Yakkasarai district",5/25/2023
new building.csv,40,4,new,"Tashkent, Almazar district",5/25/2023
new building.csv,28,4,new,"Tashkent, Yakkasarai district",5/25/2023
new building.csv,42,4,new,"Tashkent, Mirabad district",5/25/2023
new building.csv,30,4,new,"Tashkent, Chilanzar district",5/25/2023
new building.csv,30,4,new,"Tashkent, Chilanzar district",5/25/2023
new building.csv,40,4,new,"Tashkent, Chilanzar district",5/25/2023
new building.csv,34,4,new,"Tashkent, Chilanzar district",5/25/2023
new building.csv,38,4,new,"Tashkent, Chilanzar district",5/25/2023
new building.csv,38,4,new,"Tashkent, Yakkasarai district",5/25/2023
new building.csv,33,4,new,"Tashkent, Chilanzar district",5/25/2023
new building.csv,35,4,new,"Tashkent, Mirabad district",5/25/2023
new building.csv,35,4,new,"Tashkent, Chilanzar district",5/25/2023
new building.csv,21,4,new,"Tashkent, Yashnabad district",5/25/2023
new building.csv,38,4,new,"Tashkent, Chilanzar district",5/25/2023
new building.csv,39,4,new,"Tashkent, Yashnabad district",5/25/2023
new building.csv,43,4,new,"Tashkent, Chilanzar district",5/25/2023
new building.csv,28,4,new,"Tashkent, Chilanzar district",5/25/2023
new building.csv,42,4,new,"Tashkent, Yashnabad district",5/25/2023
new building.csv,40,4,new,"Tashkent, Chilanzar district",5/25/2023
new building.csv,33,4,new,"Tashkent, Chilanzar district",5/25/2023
new building.csv,16,4,new,"Tashkent, Yunusabad district",5/25/2023
new building.csv,43,4,new,"Tashkent, Chilanzar district",5/25/2023
new building.csv,30,4,new,"Tashkent, Chilanzar district",5/25/2023
new building.csv,38,4,new,"Tashkent, Uchtepinsky district",5/25/2023
new building.csv,32,4,new,"Tashkent, Chilanzar district",5/25/2023
new building.csv,30,4,new,"Tashkent, Chilanzar district",6/25/2023
new building.csv,21,4,new,"Tashkent, Chilanzar district",6/25/2023
new building.csv,33,4,new,"Tashkent, Chilanzar district",6/25/2023
new building.csv,20,4,new,"Tashkent, Chilanzar district",6/25/2023
new building.csv,34,4,new,"Tashkent, Chilanzar district",6/25/2023
new building.csv,45,5,new,"Tashkent, Mirzo-Ulugbek district",6/25/2023
new building.csv,36,5,new,"Tashkent, Yashnabad district",6/25/2023
new building.csv,30,5,new,"Tashkent, Yakkasarai district",6/25/2023
new building.csv,32,5,new,"Tashkent, Shaikhantahur district",6/25/2023
new building.csv,34,5,new,"Tashkent, Chilanzar district",6/25/2023
new building.csv,33,5,new,"Tashkent, Chilanzar district",6/25/2023
new building.csv,30,5,new,"Tashkent, Yakkasarai district",6/25/2023
new building.csv,45,5,new,"Tashkent, Mirzo-Ulugbek district",6/25/2023
new building.csv,34,5,new,"Tashkent, Chilanzar district",6/25/2023
new building.csv,28,5,new,"Tashkent, Chilanzar district",6/25/2023
new building.csv,36,5,new,"Tashkent, Chilanzar district",6/25/2023
new building.csv,50,5,new,"Tashkent, Yakkasarai district",6/25/2023
new building.csv,50,5,new,"Tashkent, Mirabad district",6/25/2023
new building.csv,50,5,new,"Tashkent, Mirzo-Ulugbek district",6/25/2023
new building.csv,18,5,new,"Tashkent, Yashnabad district",6/25/2023
new building.csv,35,5,new,"Tashkent, Chilanzar district",6/25/2023
new building.csv,33,5,new,"Tashkent, Chilanzar district",6/25/2023
new building.csv,2,5,new,"Tashkent, Chilanzar district",6/25/2023
new building.csv,33,5,new,"Tashkent, Chilanzar district",6/25/2023
new building.csv,32,5,new,"Tashkent, Chilanzar district",6/25/2023
new building.csv,46,5,new,"Tashkent, Chilanzar district",6/25/2023
new building.csv,30,5,new,"Tashkent, Chilanzar district",6/25/2023
new building.csv,48,5,new,"Tashkent, Yunusabad district",6/25/2023
new building.csv,30,5,new,"Tashkent, Yashnabad district",6/25/2023
new building.csv,30,5,new,"Tashkent, Yunusabad district",6/25/2023
new building.csv,42,5,new,"Tashkent, Yashnabad district",6/25/2023
new building.csv,48,5,new,"Tashkent, Chilanzar district",6/25/2023
new building.csv,30,5,new,"Tashkent, Chilanzar district",6/25/2023
new building.csv,35,5,new,"Tashkent, Chilanzar district",6/25/2023
new building.csv,38,5,new,"Tashkent, Chilanzar district",6/25/2023
new building.csv,16,5,new,"Tashkent, Yashnabad district",6/25/2023
new building.csv,40,5,new,"Tashkent, Mirzo-Ulugbek district",6/25/2023
new building.csv,36,5,new,"Tashkent, Chilanzar district",6/25/2023
new building.csv,45,5,new,"Tashkent, Chilanzar district",6/25/2023
new building.csv,22,5,new,"Tashkent, Mirabad district",6/25/2023
new building.csv,29,5,new,"Tashkent, Chilanzar district",6/25/2023
new building.csv,30,5,new,"Tashkent, Chilanzar district",6/25/2023
new building.csv,28,5,new,"Tashkent, Mirabad district",6/25/2023
new building.csv,34,5,new,"Tashkent, Chilanzar district",6/25/2023
new building.csv,18,5,new,"Tashkent, Sergeli district",6/25/2023
new building.csv,33,5,new,"Tashkent, Chilanzar district",6/25/2023
new building.csv,33,5,new,"Tashkent, Chilanzar district",6/25/2023
new building.csv,34,5,new,"Tashkent, Chilanzar district",6/25/2023
new building.csv,45,5,new,"Tashkent, Mirzo-Ulugbek district",6/25/2023
new building.csv,28,5,new,"Tashkent, Chilanzar district",6/25/2023
new building.csv,35,5,new,"Tashkent, Chilanzar district",6/25/2023
new building.csv,28,5,new,"Tashkent, Mirabad district",6/25/2023
new building.csv,30,5,new,"Tashkent, Yakkasarai district",6/25/2023
new building.csv,31,5,new,"Tashkent, Yakkasarai district",6/25/2023
new building.csv,87,1,secondary,"Tashkent, Yashnabad district",6/27/2021
new building.csv,65,1,secondary,"Tashkent, Mirzo-Ulugbek district",6/27/2021
new building.csv,82,1,secondary,"Tashkent, Shaikhantahur district",6/26/2021
new building.csv,75,1,secondary,"Tashkent, Mirabad district",6/26/2021
new building.csv,87,1,secondary,"Tashkent, Mirzo-Ulugbek district",6/26/2021
new building.csv,84,1,secondary,"Tashkent, Yakkasarai district",6/26/2021
new building.csv,64,1,secondary,"Tashkent, Chilanzar district",6/27/2021
new building.csv,63,1,secondary,"Tashkent, Chilanzar district",6/25/2021
new building.csv,69,1,secondary,"Tashkent, Mirzo-Ulugbek district",6/27/2021
new building.csv,60,1,secondary,"Tashkent, Yunusabad district",6/27/2021
new building.csv,70,1,secondary,"Tashkent, Almazar district",6/25/2021
new building.csv,65,1,secondary,"Tashkent, Chilanzar district",6/26/2021
new building.csv,86,1,secondary,"Tashkent, Yakkasarai district",6/26/2021
new building.csv,69,1,secondary,"Tashkent, Mirzo-Ulugbek district",6/27/2021
new building.csv,90,1,secondary,"Tashkent, Almazar district",6/27/2021
new building.csv,78,1,secondary,"Tashkent, Almazar district",6/27/2021
new building.csv,70,1,secondary,"Tashkent, Almazar district",6/27/2021
new building.csv,80,1,secondary,"Tashkent, Mirzo-Ulugbek district",6/25/2021
new building.csv,104,1,secondary,"Tashkent, Chilanzar district",6/25/2021
new building.csv,61,1,secondary,"Tashkent, Yashnabad district",6/26/2021
new building.csv,78,1,secondary,"Tashkent, Yakkasarai district",6/25/2021
new building.csv,72,1,secondary,"Tashkent, Yunusabad district",6/27/2021
new building.csv,90,1,secondary,"Tashkent, Shaikhantahur district",6/27/2021
new building.csv,83,1,secondary,"Tashkent, Sergeli district",6/26/2021
new building.csv,70,1,secondary,"Tashkent, Almazar district",6/27/2021
new building.csv,70,1,secondary,"Tashkent, Almazar district",6/27/2021
new building.csv,70,1,secondary,"Tashkent, Almazar district",6/26/2021
new building.csv,,1,type,City_District,
new building.csv,92,1,secondary,"Tashkent, Sergeli district",6/17/2021
new building.csv,102.97,1,secondary,"Tashkent, Yunusabad district",6/25/2021
new building.csv,80,1,secondary,"Tashkent, Yunusabad district",6/27/2021
new building.csv,100,1,secondary,"Tashkent, Almazar district",6/27/2021
new building.csv,69.5,1,secondary,"Tashkent, Uchtepinsky district",6/27/2021
new building.csv,87.58,1,secondary,"Tashkent, Shaikhantahur district",6/27/2021
new building.csv,92,1,secondary,"Tashkent, Chilanzar district",6/26/2021
new building.csv,98,1,secondary,"Tashkent, Sergeli district",6/27/2021
new building.csv,78,1,secondary,"Tashkent, Chilanzar district",6/27/2021
new building.csv,78,1,secondary,"Tashkent, Chilanzar district",6/26/2023
new building.csv,110,1,secondary,"Tashkent, Mirzo-Ulugbek district",6/25/2023
new building.csv,100,1,secondary,"Tashkent, Chilanzar district",6/27/2023
new building.csv,92,1,secondary,"Tashkent, Sergeli district",6/26/2023
new building.csv,85,1,secondary,"Tashkent, Yunusabad district",6/27/2021
new building.csv,90,1,secondary,"Tashkent, Chilanzar district",6/27/2021
new building.csv,91,1,secondary,"Tashkent, Mirzo-Ulugbek district",6/27/2021
new building.csv,95,1,secondary,"Tashkent, Yunusabad district",6/27/2021
new building.csv,175,1,secondary,"Tashkent, Chilanzar district",6/27/2021
new building.csv,120,1,secondary,"Tashkent, Mirabad district",6/27/2021
new building.csv,93,1,secondary,"Tashkent, Mirzo-Ulugbek district",6/27/2021
new building.csv,65,1,secondary,"Tashkent, Mirzo-Ulugbek district",6/27/2021
new building.csv,100,1,secondary,"Tashkent, Sergeli district",6/27/2021
new building.csv,95,1,secondary,"Tashkent, Yunusabad district",6/27/2021
new building.csv,84,1,secondary,"Tashkent, Chilanzar district",6/27/2021
new building.csv,90,1,secondary,"Tashkent, Yunusabad district",6/27/2021
new building.csv,107,1,secondary,"Tashkent, Almazar district",6/27/2021
new building.csv,99,1,secondary,"Tashkent, Sergeli district",6/27/2021
new building.csv,165,1,secondary,"Tashkent, Mirabad district",6/27/2023
new building.csv,140,1,secondary,"Tashkent, Chilanzar district",6/27/2023
new building.csv,130,1,secondary,"Tashkent, Yakkasarai district",6/27/2023
new building.csv,90,1,secondary,"Tashkent, Yunusabad district",6/27/2023
new building.csv,130,1,secondary,"Tashkent, Chilanzar district",6/27/2023
new building.csv,85,1,secondary,"Tashkent, Uchtepinsky district",6/27/2023
new building.csv,82,2,secondary,"Tashkent, Chilanzar district",6/27/2023
new building.csv,95,2,secondary,"Tashkent, Chilanzar district",6/27/2023
new building.csv,170,2,secondary,"Tashkent, Mirzo-Ulugbek district",6/27/2023
new building.csv,90,2,secondary,"Tashkent, Chilanzar district",6/27/2023
new building.csv,76,2,secondary,"Tashkent, Yunusabad district",6/27/2023
new building.csv,80,2,secondary,"Tashkent, Chilanzar district",6/27/2023
new building.csv,97,2,secondary,"Tashkent, Sergeli district",6/27/2023
new building.csv,115,2,secondary,"Tashkent, Yakkasarai district",6/27/2023
new building.csv,90,2,secondary,"Tashkent, Mirabad district",6/27/2023
new building.csv,170,2,secondary,"Tashkent, Chilanzar district",6/27/2023
new building.csv,100,2,secondary,"Tashkent, Bektemir district",6/27/2023
new building.csv,90,2,secondary,"Tashkent, Yashnabad district",6/27/2023
new building.csv,80,2,secondary,"Tashkent, Mirzo-Ulugbek district",6/27/2023
new building.csv,76,2,secondary,"Tashkent, Shaikhantahur district",6/27/2023
new building.csv,82,2,secondary,"Tashkent, Yunusabad district",6/27/2023
new building.csv,92,2,secondary,"Tashkent, Yashnabad district",6/27/2023
new building.csv,81,2,secondary,"Tashkent, Yunusabad district",6/27/2023
new building.csv,94,2,secondary,"Tashkent, Yunusabad district",6/27/2023
new building.csv,81,2,secondary,"Tashkent, Yunusabad district",6/27/2023
new building.csv,135,2,secondary,"Tashkent, Chilanzar district",6/27/2023
new building.csv,160,2,secondary,"Tashkent, Mirzo-Ulugbek district",6/27/2023
new building.csv,85,2,secondary,"Tashkent, Mirabad district",6/27/2023
new building.csv,82,2,secondary,"Tashkent, Yunusabad district",6/27/2023
new building.csv,125,2,secondary,"Tashkent, Mirzo-Ulugbek district",6/27/2023
new building.csv,90,2,secondary,"Tashkent, Mirabad district",6/27/2023
new building.csv,170,2,secondary,"Tashkent, Mirabad district",6/27/2023
new building.csv,78,2,secondary,"Tashkent, Chilanzar district",6/27/2023
new building.csv,100,2,secondary,"Tashkent, Mirabad district",6/27/2023
new building.csv,74,2,secondary,"Tashkent, Mirabad district",6/27/2023
new building.csv,100,2,secondary,"Tashkent, Mirabad district",6/27/2023
new building.csv,80,2,secondary,"Tashkent, Chilanzar district",6/27/2023
new building.csv,120,2,secondary,"Tashkent, Yunusabad district",6/27/2023
new building.csv,67,2,secondary,"Tashkent, Mirzo-Ulugbek district",6/27/2023
new building.csv,97,2,secondary,"Tashkent, Yakkasarai district",6/27/2023
new building.csv,90,3,secondary,"Tashkent, Mirabad district",6/27/2023
new building.csv,80,3,secondary,"Tashkent, Yunusabad district",6/27/2023
new building.csv,204,3,secondary,"Tashkent, Almazar district",6/27/2023
new building.csv,89,3,secondary,"Tashkent, Chilanzar district",6/27/2023
new building.csv,100,3,secondary,"Tashkent, Mirabad district",6/27/2023
new building.csv,111,3,secondary,"Tashkent, Mirzo-Ulugbek district",6/27/2023
new building.csv,85,3,secondary,"Tashkent, Yunusabad district",6/27/2023
new building.csv,86,3,secondary,"Tashkent, Mirzo-Ulugbek district",6/27/2023
new building.csv,83,3,secondary,"Tashkent, Yunusabad district",6/27/2023
new building.csv,86,3,secondary,"Tashkent, Chilanzar district",6/27/2023
new building.csv,92,3,secondary,"Tashkent, Yakkasarai district",6/27/2023
new building.csv,92,3,secondary,"Tashkent, Mirzo-Ulugbek district",6/27/2023
new building.csv,91,3,secondary,"Tashkent, Yunusabad district",6/27/2023
new building.csv,84,3,secondary,"Tashkent, Chilanzar district",6/27/2023
new building.csv,83,3,secondary,"Tashkent, Mirabad district",6/27/2023
new building.csv,84,3,secondary,"Tashkent, Chilanzar district",6/27/2023
new building.csv,90,3,secondary,"Tashkent, Yunusabad district",6/27/2023
new building.csv,100,3,secondary,"Tashkent, Chilanzar district",6/27/2023
new building.csv,90,3,secondary,"Tashkent, Yunusabad district",6/27/2023
new building.csv,84,3,secondary,"Tashkent, Chilanzar district",6/27/2023
new building.csv,84,3,secondary,"Tashkent, Chilanzar district",6/27/2023
new building.csv,110,3,secondary,"Tashkent, Yakkasarai district",6/27/2023
new building.csv,86,4,secondary,"Tashkent, Mirzo-Ulugbek district",6/26/2021
new building.csv,95,4,secondary,"Tashkent, Yunusabad district",6/26/2021
new building.csv,85,4,secondary,"Tashkent, Chilanzar district",6/26/2021
new building.csv,152,4,secondary,"Tashkent, Yunusabad district",6/26/2021
new building.csv,84,4,secondary,"Tashkent, Mirabad district",6/26/2021
new building.csv,76,4,secondary,"Tashkent, Yunusabad district",6/26/2021
new building.csv,78,4,secondary,"Tashkent, Chilanzar district",6/26/2021
new building.csv,92,4,secondary,"Tashkent, Mirzo-Ulugbek district",6/26/2021
new building.csv,84,4,secondary,"Tashkent, Chilanzar district",6/26/2021
new building.csv,164,4,secondary,"Tashkent, Mirabad district",6/26/2021
new building.csv,95,4,secondary,"Tashkent, Shaikhantahur district",6/26/2021
new building.csv,84,4,secondary,"Tashkent, Chilanzar district",6/26/2021
new building.csv,84,4,secondary,"Tashkent, Chilanzar district",6/26/2021
new building.csv,135,4,secondary,"Tashkent, Yakkasarai district",6/26/2021
new building.csv,78,4,secondary,"Tashkent, Chilanzar district",6/26/2021
new building.csv,82,4,secondary,"Tashkent, Yunusabad district",6/26/2021
new building.csv,82,4,secondary,"Tashkent, Uchtepinsky district",6/27/2023
new building.csv,92,4,secondary,"Tashkent, Chilanzar district",6/27/2023
new building.csv,120,4,secondary,"Tashkent, Chilanzar district",6/27/2023
new building.csv,92,4,secondary,"Tashkent, Mirzo-Ulugbek district",6/27/2023
new building.csv,100,4,secondary,"Tashkent, Yashnabad district",6/27/2023
new building.csv,152,4,secondary,"Tashkent, Chilanzar district",6/27/2023
new building.csv,78,4,secondary,"Tashkent, Chilanzar district",6/27/2023
new building.csv,93,4,secondary,"Tashkent, Mirzo-Ulugbek district",6/27/2023
new building.csv,96,4,secondary,"Tashkent, Shaikhantahur district",6/27/2023
new building.csv,75,4,secondary,"Tashkent, Yakkasarai district",6/27/2023
new building.csv,100,4,secondary,"Tashkent, Shaikhantahur district",6/27/2023
new building.csv,100,4,secondary,"Tashkent, Uchtepinsky district",6/27/2023
new building.csv,90,4,secondary,"Tashkent, Mirabad district",6/27/2023
new building.csv,85,4,secondary,"Tashkent, Mirzo-Ulugbek district",6/27/2023
new building.csv,82,4,secondary,"Tashkent, Mirzo-Ulugbek district",6/27/2023
new building.csv,96,4,secondary,"Tashkent, Chilanzar district",6/27/2023
new building.csv,174,4,secondary,"Tashkent, Yakkasarai district",6/27/2023
new building.csv,92,4,secondary,"Tashkent, Mirzo-Ulugbek district",6/27/2023
new building.csv,100,4,secondary,"Tashkent, Shaikhantahur district",6/27/2023
new building.csv,94,4,secondary,"Tashkent, Yunusabad district",6/27/2023
new building.csv,115,4,secondary,"Tashkent, Mirzo-Ulugbek district",6/27/2023
new building.csv,90,4,secondary,"Tashkent, Mirzo-Ulugbek district",6/27/2023
new building.csv,86,4,secondary,"Tashkent, Yunusabad district",6/27/2023
new building.csv,100,4,secondary,"Tashkent, Shaikhantahur district",6/27/2023
new building.csv,100,4,secondary,"Tashkent, Yashnabad district",6/27/2023
new building.csv,77,4,secondary,"Tashkent, Chilanzar district",6/27/2023
new building.csv,84,4,secondary,"Tashkent, Chilanzar district",6/27/2023
new building.csv,95,4,secondary,"Tashkent, Mirzo-Ulugbek district",6/27/2023
new building.csv,95,4,secondary,"Tashkent, Yunusabad district",6/27/2023
new building.csv,98,4,secondary,"Tashkent, Mirabad district",6/27/2023
new building.csv,98,4,secondary,"Tashkent, Mirabad district",6/27/2023
new building.csv,85,4,secondary,"Tashkent, Yunusabad district",6/27/2023
new building.csv,130,4,secondary,"Tashkent, Chilanzar district",6/27/2023
new building.csv,110,4,secondary,"Tashkent, Mirabad district",6/27/2023
new building.csv,91,4,secondary,"Tashkent, Yunusabad district",6/27/2023
new building.csv,90,4,secondary,"Tashkent, Yakkasarai district",6/27/2023
new building.csv,110,4,secondary,"Tashkent, Yashnabad district",6/27/2023
new building.csv,221,4,secondary,"Tashkent, Mirabad district",6/27/2023
new building.csv,90,4,secondary,"Tashkent, Yunusabad district",6/27/2023
new building.csv,84,4,secondary,"Tashkent, Yunusabad district",6/27/2023
new building.csv,92,4,secondary,"Tashkent, Mirzo-Ulugbek district",6/27/2023
new building.csv,100,5,secondary,"Tashkent, Almazar district",6/27/2023
new building.csv,90,5,secondary,"Tashkent, Yunusabad district",6/27/2023
new building.csv,152,5,secondary,"Tashkent, Mirabad district",6/27/2023
new building.csv,100,5,secondary,"Tashkent, Sergeli district",6/27/2023
new building.csv,100,5,secondary,"Tashkent, Mirzo-Ulugbek district",6/27/2023
new building.csv,75,5,secondary,"Tashkent, Mirabad district",6/27/2023
new building.csv,102,5,secondary,"Tashkent, Yunusabad district",6/27/2023
new building.csv,80,5,secondary,"Tashkent, Yashnabad district",6/27/2023
new building.csv,90,5,secondary,"Tashkent, Shaikhantahur district",6/27/2023
new building.csv,100,5,secondary,"Tashkent, Yunusabad district",6/27/2023
new building.csv,140,5,secondary,"Tashkent, Chilanzar district",6/27/2023
new building.csv,90,5,secondary,"Tashkent, Yunusabad district",6/27/2023
new building.csv,96,5,secondary,"Tashkent, Yakkasarai district",6/27/2023
new building.csv,82,5,secondary,"Tashkent, Almazar district",6/27/2023
new building.csv,91,5,secondary,"Tashkent, Yunusabad district",6/27/2023
new building.csv,110,5,secondary,"Tashkent, Mirzo-Ulugbek district",6/27/2023
new building.csv,92,5,secondary,"Tashkent, Yunusabad district",6/27/2023
new building.csv,92,5,secondary,"Tashkent, Mirzo-Ulugbek district",6/27/2023
new building.csv,92,5,secondary,"Tashkent, Mirzo-Ulugbek district",6/27/2023
new building.csv,92,5,secondary,"Tashkent, Mirzo-Ulugbek district",6/27/2023
new building.csv,92,5,secondary,"Tashkent, Sergeli district",6/27/2023
new building.csv,85,5,secondary,"Tashkent, Mirzo-Ulugbek district",6/27/2023
new building.csv,75,5,secondary,"Tashkent, Yakkasarai district",6/27/2023
new building.csv,120,5,secondary,"Tashkent, Chilanzar district",6/27/2023
new building.csv,95,5,secondary,"Tashkent, Yunusabad district",6/27/2023
new building.csv,95,5,secondary,"Tashkent, Mirabad district",6/27/2023
new building.csv,80,5,secondary,"Tashkent, Mirzo-Ulugbek district",6/27/2023
new building.csv,92,5,secondary,"Tashkent, Chilanzar district",6/23/2021
new building.csv,100,5,secondary,"Tashkent, Chilanzar district",6/25/2023
new building.csv,78,5,secondary,"Tashkent, Chilanzar district",6/23/2021
new building.csv,105,5,secondary,"Tashkent, Yunusabad district",6/25/2023
new building.csv,175,5,secondary,"Tashkent, Chilanzar district",6/11/2023
new building.csv,87.58,5,secondary,"Tashkent, Shaikhantahur district",6/25/2023
new building.csv,100,5,secondary,"Tashkent, Sergeli district",6/23/2021
new building.csv,69.5,5,secondary,"Tashkent, Uchtepinsky district",6/24/2023
new building.csv,130,4,secondary,"Tashkent, Mirzo-Ulugbek district",6/25/2023
new building.csv,110,4,secondary,"Tashkent, Mirzo-Ulugbek district",6/25/2023
new building.csv,92,4,secondary,"Tashkent, Sergeli district",6/23/2021
new building.csv,114,4,secondary,"Tashkent, Yunusabad district",6/25/2021
new building.csv,120,4,secondary,"Tashkent, Yunusabad district",6/25/2021
new building.csv,91,4,secondary,"Tashkent, Sergeli district",6/25/2021
new building.csv,120,4,secondary,"Tashkent, Chilanzar district",6/25/2021
new building.csv,100,4,secondary,"Tashkent, Mirabad district",6/25/2021
new building.csv,100,4,secondary,"Tashkent, Mirabad district",6/25/2021
new building.csv,76,4,secondary,"Tashkent, Yunusabad district",6/25/2021
new building.csv,110,4,secondary,"Tashkent, Mirzo-Ulugbek district",6/25/2021
new building.csv,94,4,secondary,"Tashkent, Sergeli district",6/25/2021
new building.csv,100,4,secondary,"Tashkent, Mirzo-Ulugbek district",6/25/2021
new building.csv,95,4,secondary,"Tashkent, Yakkasarai district",6/25/2021
new building.csv,76,4,secondary,"Tashkent, Uchtepinsky district",6/25/2021
new building.csv,96,4,secondary,"Tashkent, Sergeli district",6/25/2021
new building.csv,95,4,secondary,"Tashkent, Yakkasarai district",6/25/2021
new building.csv,85,4,secondary,"Tashkent, Shaikhantahur district",6/25/2021
new building.csv,110,4,secondary,"Tashkent, Almazar district",6/25/2021
new building.csv,90,4,secondary,"Tashkent, Sergeli district",6/25/2021
new building.csv,130,4,new,"Tashkent, Mirabad district",6/25/2023
new building.csv,73.28,4,new,"Tashkent, Mirabad district",6/25/2023
new building.csv,73,4,new,"Tashkent, Chilanzar district",6/25/2023
new building.csv,92,4,new,"Tashkent, Yashnabad district",6/25/2023
new building.csv,104,4,new,"Tashkent, Chilanzar district",6/25/2023
new building.csv,80,4,new,"Tashkent, Chilanzar district",6/25/2023
new building.csv,102.3,4,new,"Tashkent, Yakkasarai district",6/25/2023
new building.csv,80,4,new,"Tashkent, Chilanzar district",6/25/2023
new building.csv,79.17,4,new,"Tashkent, Mirzo-Ulugbek district",6/25/2023
new building.csv,98,4,new,"Tashkent, Chilanzar district",6/25/2023
new building.csv,84,4,new,"Tashkent, Chilanzar district",6/25/2023
new building.csv,125,4,new,"Tashkent, Mirabad district",6/25/2023
new building.csv,90,4,new,"Tashkent, Yunusabad district",6/25/2023
new building.csv,96,4,new,"Tashkent, Shaikhantahur district",6/25/2023
new building.csv,94,4,new,"Tashkent, Yakkasarai district",6/25/2023
new building.csv,87,4,new,"Tashkent, Almazar district",6/25/2023
new building.csv,100,4,new,"Tashkent, Mirabad district",6/25/2023
new building.csv,80,4,new,"Tashkent, Yunusabad district",6/25/2023
new building.csv,110,4,new,"Tashkent, Yunusabad district",6/25/2023
new building.csv,76,4,new,"Tashkent, Chilanzar district",6/25/2023
new building.csv,282,4,new,"Tashkent, Mirabad district",6/25/2023
new building.csv,72,4,new,"Tashkent, Chilanzar district",6/25/2023
new building.csv,88,4,new,"Tashkent, Yunusabad district",6/25/2023
new building.csv,124,4,new,"Tashkent, Mirzo-Ulugbek district",6/25/2023
new building.csv,75,4,new,"Tashkent, Chilanzar district",6/25/2023
new building.csv,132,4,new,"Tashkent, Yakkasarai district",6/25/2023
new building.csv,80,4,new,"Tashkent, Chilanzar district",6/25/2023
new building.csv,95,4,new,"Tashkent, Yunusabad district",6/25/2023
new building.csv,65,4,new,"Tashkent, Chilanzar district",6/25/2023
new building.csv,96,4,new,"Tashkent, Sergeli district",6/25/2023
new building.csv,89,4,new,"Tashkent, Chilanzar district",6/25/2023
new building.csv,80,4,new,"Tashkent, Chilanzar district",6/25/2023
